                  epoch,         train/box_loss,         train/cls_loss,         train/dfl_loss,   metrics/precision(B),      metrics/recall(B),       metrics/mAP50(B),    metrics/mAP50-95(B),           val/box_loss,           val/cls_loss,           val/dfl_loss,                 lr/pg0,                 lr/pg1,                 lr/pg2
                      1,                 1.4808,                 1.6209,                 1.5198,                 0.5969,                0.67841,                0.62884,                0.34664,                 1.4183,                 4.2843,                 1.4847,               0.067688,             0.00039245,             0.00039245
                      2,                 1.4547,                 1.1993,                 1.4778,                 0.4226,                0.66613,                0.47214,                0.27191,                 1.3918,                 4.4598,                 1.3295,               0.034755,             0.00079243,             0.00079243
                      3,                  1.568,                 1.4727,                 1.4705,                0.70864,                0.78919,                0.76387,                0.38651,                 1.4914,                 2.5348,                  1.622,              0.0018213,              0.0011923,              0.0011923
                      4,                 1.4733,                 1.3308,                 1.5053,                0.73852,                0.76996,                0.79202,                0.44058,                 1.3304,                 2.4096,                 1.4723,              0.0011997,              0.0011997,              0.0011997
                      5,                 1.4335,                 1.0675,                  1.479,                0.82272,                 0.8536,                0.86073,                0.46735,                 1.4361,                 1.6606,                 1.5403,              0.0011997,              0.0011997,              0.0011997
                      6,                 1.3806,                 1.0677,                 1.4324,                0.82079,                0.86294,                0.88631,                0.53141,                 1.2645,                 1.3164,                  1.374,              0.0011995,              0.0011995,              0.0011995
                      7,                 1.3645,                0.96156,                 1.4029,                 0.8751,                0.87877,                0.92308,                0.56819,                  1.254,                0.95112,                 1.3752,              0.0011992,              0.0011992,              0.0011992
                      8,                 1.3587,                  0.907,                 1.4227,                0.86466,                0.87754,                0.91034,                0.57747,                 1.2446,                0.85273,                 1.3545,              0.0011988,              0.0011988,              0.0011988
                      9,                 1.3103,                 0.8294,                 1.3765,                0.88502,                0.89175,                0.93219,                  0.598,                 1.2404,                0.80322,                 1.3405,              0.0011984,              0.0011984,              0.0011984
                     10,                 1.3061,                0.81313,                  1.382,                 0.8913,                0.89852,                0.93516,                0.60942,                 1.2425,                0.75699,                 1.3256,              0.0011979,              0.0011979,              0.0011979
                     11,                 1.2695,                0.78993,                 1.3595,                0.88581,                 0.8728,                0.92621,                 0.5957,                 1.2583,                0.79746,                 1.3443,              0.0011974,              0.0011974,              0.0011974
                     12,                 1.2561,                0.74961,                 1.3412,                0.90392,                 0.8931,                0.93513,                0.62136,                 1.2327,                0.70893,                 1.3204,              0.0011967,              0.0011967,              0.0011967
                     13,                 1.2428,                0.71038,                 1.3587,                0.89403,                0.89677,                 0.9326,                0.62134,                 1.2173,                0.70851,                  1.321,              0.0011961,              0.0011961,              0.0011961
                     14,                 1.2384,                0.71069,                  1.334,                  0.902,                0.89519,                0.94072,                0.62649,                 1.1898,                0.70198,                 1.3242,              0.0011953,              0.0011953,              0.0011953
                     15,                 1.2004,                0.66796,                 1.3215,                 0.9113,                0.90385,                0.94407,                0.62164,                 1.2661,                0.67792,                 1.3267,              0.0011945,              0.0011945,              0.0011945
                     16,                 1.2148,                0.67562,                 1.3246,                0.89598,                0.90027,                0.93212,                0.60264,                 1.2977,                0.69216,                  1.382,              0.0011936,              0.0011936,              0.0011936
                     17,                 1.2165,                0.66844,                  1.328,                0.89531,                0.90394,                 0.9381,                0.60467,                 1.2907,                0.68798,                 1.3652,              0.0011927,              0.0011927,              0.0011927
                     18,                 1.2031,                0.63906,                 1.3054,                 0.8968,                0.89818,                0.93566,                0.60917,                 1.2211,                0.67955,                 1.3332,              0.0011917,              0.0011917,              0.0011917
                     19,                 1.1538,                 0.6184,                 1.2915,                0.89581,                  0.914,                 0.9409,                0.63582,                  1.221,                0.63699,                 1.3411,              0.0011906,              0.0011906,              0.0011906
                     20,                 1.1265,                0.59573,                 1.2838,                0.90692,                0.90385,                0.94796,                0.62902,                 1.2424,                0.64214,                 1.3522,              0.0011895,              0.0011895,              0.0011895
                     21,                 1.1489,                0.59777,                 1.2763,                0.90919,                0.89392,                0.94184,                0.62064,                 1.2493,                0.66468,                 1.3725,              0.0011883,              0.0011883,              0.0011883
                     22,                 1.0797,                0.57671,                 1.2451,                0.89018,                 0.9052,                0.93588,                0.61764,                 1.2456,                0.64784,                  1.349,               0.001187,               0.001187,               0.001187
                     23,                 1.0723,                0.57284,                 1.2471,                0.92507,                 0.8946,                0.94309,                0.63262,                 1.2548,                0.63187,                 1.3454,              0.0011857,              0.0011857,              0.0011857
                     24,                 1.0797,                0.58208,                 1.2414,                0.90284,                0.90266,                0.94101,                0.62732,                 1.2024,                0.66363,                 1.3407,              0.0011843,              0.0011843,              0.0011843
                     25,                 1.0632,                0.56039,                 1.2267,                0.90917,                 0.9056,                0.94293,                0.63257,                 1.2184,                0.62538,                 1.3687,              0.0011829,              0.0011829,              0.0011829
                     26,                 1.0811,                0.55422,                 1.2508,                0.91127,                0.90775,                0.93793,                0.61591,                 1.3124,                0.64429,                 1.3796,              0.0011813,              0.0011813,              0.0011813
                     27,                 1.0939,                 0.5838,                 1.2439,                0.91579,                0.89299,                0.93345,                0.61494,                 1.2519,                0.63339,                 1.3819,              0.0011798,              0.0011798,              0.0011798
                     28,                 1.0533,                0.54091,                 1.2256,                0.91212,                0.89878,                0.94099,                0.62854,                  1.263,                0.62405,                 1.3584,              0.0011781,              0.0011781,              0.0011781
                     29,                 1.0491,                0.53058,                 1.2241,                0.88742,                0.91669,                 0.9435,                0.61185,                 1.3129,                0.64424,                 1.3851,              0.0011764,              0.0011764,              0.0011764
                     30,                 1.0692,                0.53046,                 1.2296,                0.91088,                0.90087,                0.94386,                0.62522,                 1.2754,                0.62244,                 1.4002,              0.0011746,              0.0011746,              0.0011746
                     31,                 1.0494,                0.52327,                 1.2113,                0.90536,                0.90445,                0.94186,                0.61043,                 1.3545,                0.63254,                 1.4087,              0.0011728,              0.0011728,              0.0011728
                     32,                 1.0132,                0.49591,                 1.2044,                0.91463,                 0.8931,                0.93546,                0.61988,                 1.2984,                0.63409,                 1.3899,              0.0011709,              0.0011709,              0.0011709
                     33,                0.98393,                0.47995,                 1.1804,                0.90149,                0.90893,                0.94394,                 0.6227,                 1.2362,                0.60983,                 1.3939,               0.001169,               0.001169,               0.001169
                     34,                   1.01,                0.48373,                 1.1945,                0.91773,                0.89935,                0.94507,                0.62354,                 1.2709,                 0.6066,                 1.3856,               0.001167,               0.001167,               0.001167
                     35,                0.95914,                0.46803,                 1.1687,                0.90741,                0.91191,                 0.9426,                0.62951,                 1.2231,                0.59556,                 1.3721,              0.0011649,              0.0011649,              0.0011649
                     36,                0.94489,                0.45766,                 1.1535,                0.91217,                0.90564,                0.94483,                0.63038,                 1.2461,                0.59182,                 1.3708,              0.0011627,              0.0011627,              0.0011627
                     37,                 0.9417,                0.46297,                 1.1494,                0.90379,                0.90505,                0.93907,                0.63275,                 1.2247,                0.59781,                 1.3803,              0.0011605,              0.0011605,              0.0011605
                     38,                0.93042,                0.45495,                 1.1449,                0.89831,                0.90266,                0.93687,                0.62139,                 1.2577,                0.60808,                 1.3879,              0.0011583,              0.0011583,              0.0011583
                     39,                0.92249,                0.45191,                 1.1441,                0.90065,                0.92035,                0.94467,                0.63096,                 1.2375,                0.58734,                 1.3863,               0.001156,               0.001156,               0.001156
                     40,                0.91886,                0.45556,                 1.1393,                0.90352,                0.90323,                0.93863,                0.62442,                 1.2548,                0.61278,                  1.403,              0.0011536,              0.0011536,              0.0011536
                     41,                0.91135,                0.43524,                  1.126,                0.90627,                 0.9143,                0.93942,                0.63349,                 1.2367,                0.59355,                 1.3706,              0.0011511,              0.0011511,              0.0011511
                     42,                 0.8975,                0.43486,                 1.1193,                0.90966,                0.89898,                 0.9388,                0.62347,                 1.2478,                0.59671,                 1.3963,              0.0011486,              0.0011486,              0.0011486
                     43,                0.90243,                 0.4342,                 1.1275,                0.91526,                0.90564,                0.94508,                0.62695,                 1.2678,                0.59887,                 1.4136,              0.0011461,              0.0011461,              0.0011461
                     44,                0.89303,                0.42895,                 1.1197,                0.90991,                0.91678,                 0.9449,                0.62352,                 1.2468,                0.57245,                 1.4006,              0.0011435,              0.0011435,              0.0011435
                     45,                0.89359,                0.42315,                 1.1193,                0.90811,                0.91221,                0.94327,                0.62322,                  1.267,                0.58438,                    1.4,              0.0011408,              0.0011408,              0.0011408
                     46,                0.88387,                0.41474,                 1.1082,                  0.927,                0.89997,                0.94331,                0.63354,                 1.2394,                0.58325,                 1.3947,              0.0011381,              0.0011381,              0.0011381
                     47,                0.88784,                0.41379,                 1.1138,                0.91041,                0.91639,                0.94359,                0.62381,                 1.2856,                0.58688,                 1.3933,              0.0011353,              0.0011353,              0.0011353
                     48,                 0.8752,                0.40909,                 1.1073,                0.91153,                 0.9107,                0.94584,                0.63349,                 1.2639,                 0.5779,                 1.4186,              0.0011324,              0.0011324,              0.0011324
                     49,                  0.869,                0.40341,                 1.1029,                0.91708,                0.90819,                 0.9425,                0.63261,                 1.2648,                0.57955,                  1.415,              0.0011295,              0.0011295,              0.0011295
                     50,                0.84518,                0.39859,                 1.0912,                0.92175,                0.90206,                0.93844,                0.62661,                 1.2729,                0.57594,                 1.4197,              0.0011265,              0.0011265,              0.0011265
                     51,                0.82483,                0.39659,                 1.0834,                0.91114,                0.90325,                0.93578,                0.62762,                 1.2552,                0.58562,                 1.4197,              0.0011235,              0.0011235,              0.0011235
                     52,                0.83066,                0.39817,                 1.0787,                0.91034,                0.90624,                0.94239,                0.62525,                 1.2481,                 0.5839,                 1.4194,              0.0011204,              0.0011204,              0.0011204
                     53,                 0.8172,                 0.3929,                 1.0779,                0.91258,                0.90077,                0.93422,                0.61907,                 1.2871,                0.61031,                 1.4449,              0.0011173,              0.0011173,              0.0011173
                     54,                0.83648,                0.39334,                 1.0918,                0.91507,                0.89669,                0.93383,                0.61491,                  1.287,                0.59339,                  1.448,              0.0011141,              0.0011141,              0.0011141
                     55,                0.81625,                  0.399,                 1.0727,                0.92229,                0.90012,                 0.9444,                0.63518,                  1.259,                0.56569,                 1.4272,              0.0011108,              0.0011108,              0.0011108
                     56,                0.81402,                0.38957,                  1.079,                0.89753,                0.92057,                0.93985,                0.62581,                 1.2669,                0.60568,                 1.4357,              0.0011075,              0.0011075,              0.0011075
                     57,                0.80802,                0.38401,                 1.0665,                0.91135,                0.90861,                0.93928,                 0.6297,                 1.2358,                0.57372,                 1.4208,              0.0011042,              0.0011042,              0.0011042
                     58,                0.80361,                0.38151,                 1.0631,                0.90629,                0.90893,                0.93542,                0.62047,                 1.2557,                0.58898,                 1.4339,              0.0011008,              0.0011008,              0.0011008
                     59,                0.79955,                0.38026,                 1.0557,                0.91522,                 0.9025,                0.94009,                0.62955,                 1.2612,                0.57565,                 1.4283,              0.0010973,              0.0010973,              0.0010973
                     60,                0.78485,                0.37363,                 1.0539,                0.90777,                0.91699,                0.93817,                0.62227,                 1.2642,                   0.58,                 1.4348,              0.0010938,              0.0010938,              0.0010938
                     61,                0.78339,                0.36739,                  1.051,                0.91513,                0.90355,                0.94197,                0.63154,                 1.2499,                0.56926,                 1.4252,              0.0010902,              0.0010902,              0.0010902
                     62,                 0.7912,                0.36663,                 1.0534,                0.90679,                 0.9034,                0.93491,                0.61851,                 1.2774,                0.60114,                 1.4548,              0.0010866,              0.0010866,              0.0010866
                     63,                0.77396,                0.35886,                  1.047,                   0.91,                0.90873,                0.94161,                0.63008,                 1.2623,                0.58017,                 1.4549,              0.0010829,              0.0010829,              0.0010829
                     64,                0.78271,                0.36197,                 1.0576,                0.89571,                0.91552,                0.93539,                0.61687,                 1.3004,                0.59371,                 1.4526,              0.0010791,              0.0010791,              0.0010791
                     65,                0.77927,                0.35843,                 1.0439,                0.89947,                0.90923,                0.93356,                0.61811,                 1.2895,                0.58734,                 1.4523,              0.0010754,              0.0010754,              0.0010754
                     66,                0.78588,                0.35775,                 1.0466,                0.91101,                0.89967,                0.93999,                  0.622,                 1.3048,                0.58734,                 1.4745,              0.0010715,              0.0010715,              0.0010715
                     67,                0.77488,                0.35334,                 1.0472,                0.91153,                0.90803,                0.93913,                0.62741,                 1.2551,                0.57163,                 1.4499,              0.0010676,              0.0010676,              0.0010676
                     68,                0.76375,                0.35021,                 1.0345,                0.90977,                0.90236,                0.93623,                0.62419,                 1.2684,                0.59197,                 1.4675,              0.0010637,              0.0010637,              0.0010637
                     69,                0.76012,                0.34915,                 1.0328,                0.91526,                0.89982,                0.93488,                0.62198,                 1.2722,                0.59117,                 1.4345,              0.0010597,              0.0010597,              0.0010597
                     70,                 0.7385,                0.34179,                 1.0231,                0.91807,                0.90415,                0.93861,                0.61938,                 1.2778,                0.58034,                 1.4534,              0.0010557,              0.0010557,              0.0010557
                     71,                0.72598,                0.33888,                 1.0192,                0.90155,                0.91601,                0.93903,                0.62804,                  1.259,                0.57442,                 1.4636,              0.0010516,              0.0010516,              0.0010516
                     72,                0.72706,                0.33947,                 1.0154,                0.90635,                0.91341,                0.93854,                0.62138,                 1.2697,                0.58884,                 1.4536,              0.0010474,              0.0010474,              0.0010474
                     73,                0.72329,                0.33765,                 1.0187,                0.92221,                0.89848,                0.93749,                0.62711,                 1.2721,                0.58176,                 1.4679,              0.0010432,              0.0010432,              0.0010432
                     74,                0.71006,                0.33613,                 1.0073,                0.91983,                0.90594,                0.93803,                0.62129,                 1.2567,                0.57999,                 1.4551,               0.001039,               0.001039,               0.001039
                     75,                0.71314,                0.33686,                 1.0103,                 0.9071,                0.90967,                0.94063,                0.63243,                 1.2505,                 0.5671,                 1.4684,              0.0010347,              0.0010347,              0.0010347
                     76,                0.72666,                  0.336,                 1.0139,                0.90766,                0.90982,                0.93951,                0.62216,                  1.288,                0.58346,                 1.4754,              0.0010304,              0.0010304,              0.0010304
                     77,                0.70203,                0.32756,                 1.0006,                0.90358,                 0.9206,                0.93981,                0.63192,                 1.2677,                0.56487,                 1.4634,               0.001026,               0.001026,               0.001026
                     78,                0.71243,                0.33122,                 1.0099,                0.91238,                0.89234,                0.92811,                0.61251,                 1.2969,                0.60439,                 1.4899,              0.0010216,              0.0010216,              0.0010216
                     79,                0.72127,                0.33583,                 1.0113,                0.90897,                0.89907,                 0.9326,                0.61554,                 1.3084,                 0.5863,                 1.4973,              0.0010171,              0.0010171,              0.0010171
